<?xml version="1.0" encoding="UTF-8"?>
<!DOCTYPE generatorConfiguration
  PUBLIC "-//mybatis.org//DTD MyBatis Generator Configuration 1.0//EN"
  "http://mybatis.org/dtd/mybatis-generator-config_1_0.dtd">

<generatorConfiguration>

  <classPathEntry location="d:/java/mypj/mysql-connector-java-5.1.26.jar" />

 <context id="mysqlTest" targetRuntime="MyBatis3">
<!--   	<plugin type="org.mybatis.generator.plugins.EqualsHashCodePlugin" /> -->
<!--     <plugin type="org.mybatis.generator.plugins.RowBoundsPlugin" ></plugin> -->
    <plugin type="org.mybatis.generator.plugins.ToStringPlugin" />
     <plugin type="org.mybatis.generator.plugins.SerializablePlugin" />
     
     
  <commentGenerator>
   <property name="suppressDate" value="true" />
   <property name="suppressAllComments" value="true" />
  </commentGenerator>

  <jdbcConnection driverClass="com.mysql.jdbc.Driver"
   connectionURL="jdbc:mysql://localhost:3306/mybatis-example" userId="test"
   password="test">
  </jdbcConnection>

  <javaTypeResolver>
   <property name="forceBigDecimals" value="false" />
  </javaTypeResolver>

  <javaModelGenerator targetPackage="com.shopsthai.david.model"
   targetProject="spfx\java_src">
    <property name="constructorBased" value="true" />
<!-- 	<property name="immutable" value="false" /> -->
    <property name="enableSubPackages" value="true" />
    <property name="trimStrings" value="true" />
  </javaModelGenerator>

  <sqlMapGenerator targetPackage="com.shopsthai.david.persistence"
   targetProject="spfx\java_src">
   <property name="enableSubPackages" value="true" />
  </sqlMapGenerator>

  <!-- optiontype: ANNOTATEDMAPPER, MIXEDMAPPER, XMLMAPPER   --> 
  <javaClientGenerator type="MIXEDMAPPER"
   targetPackage="com.shopsthai.david.persistence" targetProject="spfx\java_src">
   <property name="enableSubPackages" value="true" />
  </javaClientGenerator>


  <table tableName="comment" 
  		schema="mybatis-example"
  		enableSelectByExample="true"
   		enableDeleteByExample="false" 
   		enableCountByExample="false"
   		enableUpdateByExample="false" 
   		selectByExampleQueryId="false"
   		domainObjectName="Comment"	
   		>
		<property name="useActualColumnNames" value="false" />
		<property name="ignoreQualifiersAtRuntime" value="false" />
		<generatedKey column="comment_no" sqlStatement="MySql" identity="true" type="post" />
  </table>

  <table tableName="reply" 
  		schema="mybatis-example"
  		enableSelectByExample="true"
   		enableDeleteByExample="false" 
   		enableCountByExample="false"
   		enableUpdateByExample="false" 
   		selectByExampleQueryId="false"
   		domainObjectName="Reply">
		<property name="useActualColumnNames" value="true" />
		<property name="ignoreQualifiersAtRuntime" value="false" />
		<generatedKey column="reply_no" sqlStatement="MySql" identity="true" type="post" />
  </table>

 </context>
</generatorConfiguration>
