<?xml version="1.0" encoding="UTF-8" ?>
<!DOCTYPE mapper PUBLIC "-//mybatis.org//DTD Mapper 3.0//EN" "http://mybatis.org/dtd/mybatis-3-mapper.dtd" >
<mapper namespace="com.shopsthai.david.persistence.CommentMapper" >
  <resultMap id="BaseResultMap" type="com.shopsthai.david.model.Comment" >
    <constructor >
      <idArg column="comment_no" jdbcType="BIGINT" javaType="java.lang.Long" />
      <arg column="user_id" jdbcType="VARCHAR" javaType="java.lang.String" />
      <arg column="reg_date" jdbcType="TIMESTAMP" javaType="java.util.Date" />
    </constructor>
  </resultMap>
  <resultMap id="ResultMapWithBLOBs" type="com.shopsthai.david.model.Comment" >
    <constructor >
      <idArg column="comment_no" jdbcType="BIGINT" javaType="java.lang.Long" />
      <arg column="user_id" jdbcType="VARCHAR" javaType="java.lang.String" />
      <arg column="reg_date" jdbcType="TIMESTAMP" javaType="java.util.Date" />
      <arg column="comment_content" jdbcType="LONGVARCHAR" javaType="java.lang.String" />
    </constructor>
  </resultMap>
  <sql id="Example_Where_Clause" >
    <where >
      <foreach collection="oredCriteria" item="criteria" separator="or" >
        <if test="criteria.valid" >
          <trim prefix="(" suffix=")" prefixOverrides="and" >
            <foreach collection="criteria.criteria" item="criterion" >
              <choose >
                <when test="criterion.noValue" >
                  and ${criterion.condition}
                </when>
                <when test="criterion.singleValue" >
                  and ${criterion.condition} #{criterion.value}
                </when>
                <when test="criterion.betweenValue" >
                  and ${criterion.condition} #{criterion.value} and #{criterion.secondValue}
                </when>
                <when test="criterion.listValue" >
                  and ${criterion.condition}
                  <foreach collection="criterion.value" item="listItem" open="(" close=")" separator="," >
                    #{listItem}
                  </foreach>
                </when>
              </choose>
            </foreach>
          </trim>
        </if>
      </foreach>
    </where>
  </sql>
  <sql id="Update_By_Example_Where_Clause" >
    <where >
      <foreach collection="example.oredCriteria" item="criteria" separator="or" >
        <if test="criteria.valid" >
          <trim prefix="(" suffix=")" prefixOverrides="and" >
            <foreach collection="criteria.criteria" item="criterion" >
              <choose >
                <when test="criterion.noValue" >
                  and ${criterion.condition}
                </when>
                <when test="criterion.singleValue" >
                  and ${criterion.condition} #{criterion.value}
                </when>
                <when test="criterion.betweenValue" >
                  and ${criterion.condition} #{criterion.value} and #{criterion.secondValue}
                </when>
                <when test="criterion.listValue" >
                  and ${criterion.condition}
                  <foreach collection="criterion.value" item="listItem" open="(" close=")" separator="," >
                    #{listItem}
                  </foreach>
                </when>
              </choose>
            </foreach>
          </trim>
        </if>
      </foreach>
    </where>
  </sql>
  <sql id="Base_Column_List" >
    comment_no, user_id, reg_date
  </sql>
  <sql id="Blob_Column_List" >
    comment_content
  </sql>
  <select id="selectByExampleWithBLOBs" resultMap="ResultMapWithBLOBs" parameterType="com.shopsthai.david.model.CommentExample" >
    select
    <if test="distinct" >
      distinct
    </if>
    'true' as QUERYID,
    <include refid="Base_Column_List" />
    ,
    <include refid="Blob_Column_List" />
    from comment
    <if test="_parameter != null" >
      <include refid="Example_Where_Clause" />
    </if>
    <if test="orderByClause != null" >
      order by ${orderByClause}
    </if>
  </select>
  <select id="selectByExample" resultMap="BaseResultMap" parameterType="com.shopsthai.david.model.CommentExample" >
    select
    <if test="distinct" >
      distinct
    </if>
    'true' as QUERYID,
    <include refid="Base_Column_List" />
    from comment
    <if test="_parameter != null" >
      <include refid="Example_Where_Clause" />
    </if>
    <if test="orderByClause != null" >
      order by ${orderByClause}
    </if>
  </select>
  <delete id="deleteByExample" parameterType="com.shopsthai.david.model.CommentExample" >
    delete from comment
    <if test="_parameter != null" >
      <include refid="Example_Where_Clause" />
    </if>
  </delete>
  <insert id="insertSelective" parameterType="com.shopsthai.david.model.Comment" >
    <selectKey resultType="java.lang.Long" keyProperty="comment_no" order="AFTER" >
      SELECT LAST_INSERT_ID()
    </selectKey>
    insert into comment
    <trim prefix="(" suffix=")" suffixOverrides="," >
      <if test="user_id != null" >
        user_id,
      </if>
      <if test="reg_date != null" >
        reg_date,
      </if>
      <if test="comment_content != null" >
        comment_content,
      </if>
    </trim>
    <trim prefix="values (" suffix=")" suffixOverrides="," >
      <if test="user_id != null" >
        #{user_id,jdbcType=VARCHAR},
      </if>
      <if test="reg_date != null" >
        #{reg_date,jdbcType=TIMESTAMP},
      </if>
      <if test="comment_content != null" >
        #{comment_content,jdbcType=LONGVARCHAR},
      </if>
    </trim>
  </insert>
  <select id="countByExample" parameterType="com.shopsthai.david.model.CommentExample" resultType="java.lang.Integer" >
    select count(*) from comment
    <if test="_parameter != null" >
      <include refid="Example_Where_Clause" />
    </if>
  </select>
  <update id="updateByExampleSelective" parameterType="map" >
    update comment
    <set >
      <if test="record.comment_no != null" >
        comment_no = #{record.comment_no,jdbcType=BIGINT},
      </if>
      <if test="record.user_id != null" >
        user_id = #{record.user_id,jdbcType=VARCHAR},
      </if>
      <if test="record.reg_date != null" >
        reg_date = #{record.reg_date,jdbcType=TIMESTAMP},
      </if>
      <if test="record.comment_content != null" >
        comment_content = #{record.comment_content,jdbcType=LONGVARCHAR},
      </if>
    </set>
    <if test="_parameter != null" >
      <include refid="Update_By_Example_Where_Clause" />
    </if>
  </update>
  <update id="updateByExampleWithBLOBs" parameterType="map" >
    update comment
    set comment_no = #{record.comment_no,jdbcType=BIGINT},
      user_id = #{record.user_id,jdbcType=VARCHAR},
      reg_date = #{record.reg_date,jdbcType=TIMESTAMP},
      comment_content = #{record.comment_content,jdbcType=LONGVARCHAR}
    <if test="_parameter != null" >
      <include refid="Update_By_Example_Where_Clause" />
    </if>
  </update>
  <update id="updateByExample" parameterType="map" >
    update comment
    set comment_no = #{record.comment_no,jdbcType=BIGINT},
      user_id = #{record.user_id,jdbcType=VARCHAR},
      reg_date = #{record.reg_date,jdbcType=TIMESTAMP}
    <if test="_parameter != null" >
      <include refid="Update_By_Example_Where_Clause" />
    </if>
  </update>
  <update id="updateByPrimaryKeySelective" parameterType="com.shopsthai.david.model.Comment" >
    update comment
    <set >
      <if test="user_id != null" >
        user_id = #{user_id,jdbcType=VARCHAR},
      </if>
      <if test="reg_date != null" >
        reg_date = #{reg_date,jdbcType=TIMESTAMP},
      </if>
      <if test="comment_content != null" >
        comment_content = #{comment_content,jdbcType=LONGVARCHAR},
      </if>
    </set>
    where comment_no = #{comment_no,jdbcType=BIGINT}
  </update>
</mapper>