<?xml version="1.0" encoding="UTF-8"?>
<!DOCTYPE mapper PUBLIC "-//mybatis.org//DTD Mapper 3.0//EN" 
"http://mybatis.org/dtd/mybatis-3-mapper.dtd">

<mapper namespace="ldg.mybatis.repository.mapper.CommentMapper">
	<cache />
	
	<!--
	<insert id="insertComment" parameterType="Comment"> 
		INSERT INTO comment(comment_no, user_id, comment_content, reg_date) 
		VALUES (#{commentNo}, #{userId}, #{commentContent}, #{regDate})
	</insert>
	-->

	<update id="updateCommentIf" parameterType="Comment"> 
		UPDATE comment 
			<set> 
			<if test="commentContent != null">comment_content = #{commentContent},</if>
			<if test="regDate != null">reg_date = #{regDate}</if>
			</set> 
		WHERE comment_no = #{commentNo}; 
	</update>
	
	<update id="updateCommentTrim" parameterType="Comment"> 
		UPDATE comment 
			<trim prefix="SET" suffixOverrides=","> 
			<if test="commentContent != null">comment_content = #{commentContent},</if>
			<if test="regDate != null">reg_date = #{regDate},</if>
			</trim> 
		WHERE comment_no = #{commentNo}; 
	</update>

	<!--
	<delete id="deleteComment" parameterType="long">
		DELETE FROM comment WHERE comment_no = #{commentNo} 
	</delete>
	-->
</mapper>