<?xml version="1.0" encoding="UTF-8" ?>
<!DOCTYPE mapper PUBLIC "-//mybatis.org//DTD Mapper 3.0//EN" "http://mybatis.org/dtd/mybatis-3-mapper.dtd" >
<mapper namespace="com.shopsthai.david.persistence.ReplyMapper" >
  <resultMap id="BaseResultMap" type="com.shopsthai.david.model.Reply" >
    <constructor >
      <idArg column="reply_no" jdbcType="BIGINT" javaType="java.lang.Long" />
      <arg column="comment_no" jdbcType="BIGINT" javaType="java.lang.Long" />
      <arg column="user_id" jdbcType="VARCHAR" javaType="java.lang.String" />
      <arg column="reply_content" jdbcType="VARCHAR" javaType="java.lang.String" />
      <arg column="reg_date" jdbcType="TIMESTAMP" javaType="java.util.Date" />
    </constructor>
  </resultMap>
  <sql id="Example_Where_Clause" >
    <where >
      <foreach collection="oredCriteria" item="criteria" separator="or" >
        <if test="criteria.valid" >
          <trim prefix="(" suffix=")" prefixOverrides="and" >
            <foreach collection="criteria.criteria" item="criterion" >
              <choose >
                <when test="criterion.noValue" >
                  and ${criterion.condition}
                </when>
                <when test="criterion.singleValue" >
                  and ${criterion.condition} #{criterion.value}
                </when>
                <when test="criterion.betweenValue" >
                  and ${criterion.condition} #{criterion.value} and #{criterion.secondValue}
                </when>
                <when test="criterion.listValue" >
                  and ${criterion.condition}
                  <foreach collection="criterion.value" item="listItem" open="(" close=")" separator="," >
                    #{listItem}
                  </foreach>
                </when>
              </choose>
            </foreach>
          </trim>
        </if>
      </foreach>
    </where>
  </sql>
  <sql id="Update_By_Example_Where_Clause" >
    <where >
      <foreach collection="example.oredCriteria" item="criteria" separator="or" >
        <if test="criteria.valid" >
          <trim prefix="(" suffix=")" prefixOverrides="and" >
            <foreach collection="criteria.criteria" item="criterion" >
              <choose >
                <when test="criterion.noValue" >
                  and ${criterion.condition}
                </when>
                <when test="criterion.singleValue" >
                  and ${criterion.condition} #{criterion.value}
                </when>
                <when test="criterion.betweenValue" >
                  and ${criterion.condition} #{criterion.value} and #{criterion.secondValue}
                </when>
                <when test="criterion.listValue" >
                  and ${criterion.condition}
                  <foreach collection="criterion.value" item="listItem" open="(" close=")" separator="," >
                    #{listItem}
                  </foreach>
                </when>
              </choose>
            </foreach>
          </trim>
        </if>
      </foreach>
    </where>
  </sql>
  <sql id="Base_Column_List" >
    reply_no, comment_no, user_id, reply_content, reg_date
  </sql>
  <select id="selectByExample" resultMap="BaseResultMap" parameterType="com.shopsthai.david.model.ReplyExample" >
    select
    <if test="distinct" >
      distinct
    </if>
    'true' as QUERYID,
    <include refid="Base_Column_List" />
    from reply
    <if test="_parameter != null" >
      <include refid="Example_Where_Clause" />
    </if>
    <if test="orderByClause != null" >
      order by ${orderByClause}
    </if>
  </select>
  <select id="selectByPrimaryKey" resultMap="BaseResultMap" parameterType="java.lang.Long" >
    select 
    <include refid="Base_Column_List" />
    from reply
    where reply_no = #{reply_no,jdbcType=BIGINT}
  </select>
  <delete id="deleteByPrimaryKey" parameterType="java.lang.Long" >
    delete from reply
    where reply_no = #{reply_no,jdbcType=BIGINT}
  </delete>
  <delete id="deleteByExample" parameterType="com.shopsthai.david.model.ReplyExample" >
    delete from reply
    <if test="_parameter != null" >
      <include refid="Example_Where_Clause" />
    </if>
  </delete>
  <insert id="insert" parameterType="com.shopsthai.david.model.Reply" >
    <selectKey resultType="java.lang.Long" keyProperty="reply_no" order="AFTER" >
      SELECT LAST_INSERT_ID()
    </selectKey>
    insert into reply (comment_no, user_id, reply_content, 
      reg_date)
    values (#{comment_no,jdbcType=BIGINT}, #{user_id,jdbcType=VARCHAR}, #{reply_content,jdbcType=VARCHAR}, 
      #{reg_date,jdbcType=TIMESTAMP})
  </insert>
  <insert id="insertSelective" parameterType="com.shopsthai.david.model.Reply" >
    <selectKey resultType="java.lang.Long" keyProperty="reply_no" order="AFTER" >
      SELECT LAST_INSERT_ID()
    </selectKey>
    insert into reply
    <trim prefix="(" suffix=")" suffixOverrides="," >
      <if test="comment_no != null" >
        comment_no,
      </if>
      <if test="user_id != null" >
        user_id,
      </if>
      <if test="reply_content != null" >
        reply_content,
      </if>
      <if test="reg_date != null" >
        reg_date,
      </if>
    </trim>
    <trim prefix="values (" suffix=")" suffixOverrides="," >
      <if test="comment_no != null" >
        #{comment_no,jdbcType=BIGINT},
      </if>
      <if test="user_id != null" >
        #{user_id,jdbcType=VARCHAR},
      </if>
      <if test="reply_content != null" >
        #{reply_content,jdbcType=VARCHAR},
      </if>
      <if test="reg_date != null" >
        #{reg_date,jdbcType=TIMESTAMP},
      </if>
    </trim>
  </insert>
  <select id="countByExample" parameterType="com.shopsthai.david.model.ReplyExample" resultType="java.lang.Integer" >
    select count(*) from reply
    <if test="_parameter != null" >
      <include refid="Example_Where_Clause" />
    </if>
  </select>
  <update id="updateByExampleSelective" parameterType="map" >
    update reply
    <set >
      <if test="record.reply_no != null" >
        reply_no = #{record.reply_no,jdbcType=BIGINT},
      </if>
      <if test="record.comment_no != null" >
        comment_no = #{record.comment_no,jdbcType=BIGINT},
      </if>
      <if test="record.user_id != null" >
        user_id = #{record.user_id,jdbcType=VARCHAR},
      </if>
      <if test="record.reply_content != null" >
        reply_content = #{record.reply_content,jdbcType=VARCHAR},
      </if>
      <if test="record.reg_date != null" >
        reg_date = #{record.reg_date,jdbcType=TIMESTAMP},
      </if>
    </set>
    <if test="_parameter != null" >
      <include refid="Update_By_Example_Where_Clause" />
    </if>
  </update>
  <update id="updateByExample" parameterType="map" >
    update reply
    set reply_no = #{record.reply_no,jdbcType=BIGINT},
      comment_no = #{record.comment_no,jdbcType=BIGINT},
      user_id = #{record.user_id,jdbcType=VARCHAR},
      reply_content = #{record.reply_content,jdbcType=VARCHAR},
      reg_date = #{record.reg_date,jdbcType=TIMESTAMP}
    <if test="_parameter != null" >
      <include refid="Update_By_Example_Where_Clause" />
    </if>
  </update>
  <update id="updateByPrimaryKeySelective" parameterType="com.shopsthai.david.model.Reply" >
    update reply
    <set >
      <if test="comment_no != null" >
        comment_no = #{comment_no,jdbcType=BIGINT},
      </if>
      <if test="user_id != null" >
        user_id = #{user_id,jdbcType=VARCHAR},
      </if>
      <if test="reply_content != null" >
        reply_content = #{reply_content,jdbcType=VARCHAR},
      </if>
      <if test="reg_date != null" >
        reg_date = #{reg_date,jdbcType=TIMESTAMP},
      </if>
    </set>
    where reply_no = #{reply_no,jdbcType=BIGINT}
  </update>
  <update id="updateByPrimaryKey" parameterType="com.shopsthai.david.model.Reply" >
    update reply
    set comment_no = #{comment_no,jdbcType=BIGINT},
      user_id = #{user_id,jdbcType=VARCHAR},
      reply_content = #{reply_content,jdbcType=VARCHAR},
      reg_date = #{reg_date,jdbcType=TIMESTAMP}
    where reply_no = #{reply_no,jdbcType=BIGINT}
  </update>
</mapper>