<?xml version="1.0" encoding="UTF-8" ?>
<!DOCTYPE mapper PUBLIC "-//mybatis.org//DTD Mapper 3.0//EN" "http://mybatis.org/dtd/mybatis-3-mapper.dtd" >
<mapper namespace="com.shopsthai.david.persistence.ProductMapper" >
  <resultMap id="BaseResultMap" type="com.shopsthai.david.model.Product" >
    <id column="productID" property="productid" jdbcType="INTEGER" />
    <result column="productName" property="productname" jdbcType="VARCHAR" />
    <result column="productPrice" property="productprice" jdbcType="DECIMAL" />
  </resultMap>
  <sql id="Base_Column_List" >
    productID, productName, productPrice
  </sql>
  <select id="selectByPrimaryKey" resultMap="BaseResultMap" parameterType="java.lang.Integer" >
    select 
    <include refid="Base_Column_List" />
    from product
    where productID = #{productid,jdbcType=INTEGER}
  </select>
  <delete id="deleteByPrimaryKey" parameterType="java.lang.Integer" >
    delete from product
    where productID = #{productid,jdbcType=INTEGER}
  </delete>
  <insert id="insert" parameterType="com.shopsthai.david.model.Product" >
    insert into product (productID, productName, productPrice
      )
    values (#{productid,jdbcType=INTEGER}, #{productname,jdbcType=VARCHAR}, #{productprice,jdbcType=DECIMAL}
      )
  </insert>
  <insert id="insertSelective" parameterType="com.shopsthai.david.model.Product" >
    insert into product
    <trim prefix="(" suffix=")" suffixOverrides="," >
      <if test="productid != null" >
        productID,
      </if>
      <if test="productname != null" >
        productName,
      </if>
      <if test="productprice != null" >
        productPrice,
      </if>
    </trim>
    <trim prefix="values (" suffix=")" suffixOverrides="," >
      <if test="productid != null" >
        #{productid,jdbcType=INTEGER},
      </if>
      <if test="productname != null" >
        #{productname,jdbcType=VARCHAR},
      </if>
      <if test="productprice != null" >
        #{productprice,jdbcType=DECIMAL},
      </if>
    </trim>
  </insert>
  <update id="updateByPrimaryKeySelective" parameterType="com.shopsthai.david.model.Product" >
    update product
    <set >
      <if test="productname != null" >
        productName = #{productname,jdbcType=VARCHAR},
      </if>
      <if test="productprice != null" >
        productPrice = #{productprice,jdbcType=DECIMAL},
      </if>
    </set>
    where productID = #{productid,jdbcType=INTEGER}
  </update>
  <update id="updateByPrimaryKey" parameterType="com.shopsthai.david.model.Product" >
    update product
    set productName = #{productname,jdbcType=VARCHAR},
      productPrice = #{productprice,jdbcType=DECIMAL}
    where productID = #{productid,jdbcType=INTEGER}
  </update>
</mapper>