<?xml version="1.0" encoding="UTF-8" ?>
<!DOCTYPE mapper PUBLIC "-//mybatis.org//DTD Mapper 3.0//EN" "http://mybatis.org/dtd/mybatis-3-mapper.dtd" >
<mapper namespace="com.shopsthai.david.persistence.UserinfoMapper" >
  <resultMap id="BaseResultMap" type="com.shopsthai.david.model.Userinfo" >
    <id column="no" property="no" jdbcType="INTEGER" />
    <result column="name" property="name" jdbcType="VARCHAR" />
    <result column="subject" property="subject" jdbcType="VARCHAR" />
    <result column="content" property="content" jdbcType="VARCHAR" />
    <result column="ip" property="ip" jdbcType="VARCHAR" />
  </resultMap>
  <sql id="Base_Column_List" >
    no, name, subject, content, ip
  </sql>
  <select id="selectByPrimaryKey" resultMap="BaseResultMap" parameterType="java.lang.Integer" >
    select 
    <include refid="Base_Column_List" />
    from userinfo
    where no = #{no,jdbcType=INTEGER}
  </select>
  <delete id="deleteByPrimaryKey" parameterType="java.lang.Integer" >
    delete from userinfo
    where no = #{no,jdbcType=INTEGER}
  </delete>
  <insert id="insert" parameterType="com.shopsthai.david.model.Userinfo" >
    insert into userinfo (no, name, subject, 
      content, ip)
    values (#{no,jdbcType=INTEGER}, #{name,jdbcType=VARCHAR}, #{subject,jdbcType=VARCHAR}, 
      #{content,jdbcType=VARCHAR}, #{ip,jdbcType=VARCHAR})
  </insert>
  <insert id="insertSelective" parameterType="com.shopsthai.david.model.Userinfo" >
    insert into userinfo
    <trim prefix="(" suffix=")" suffixOverrides="," >
      <if test="no != null" >
        no,
      </if>
      <if test="name != null" >
        name,
      </if>
      <if test="subject != null" >
        subject,
      </if>
      <if test="content != null" >
        content,
      </if>
      <if test="ip != null" >
        ip,
      </if>
    </trim>
    <trim prefix="values (" suffix=")" suffixOverrides="," >
      <if test="no != null" >
        #{no,jdbcType=INTEGER},
      </if>
      <if test="name != null" >
        #{name,jdbcType=VARCHAR},
      </if>
      <if test="subject != null" >
        #{subject,jdbcType=VARCHAR},
      </if>
      <if test="content != null" >
        #{content,jdbcType=VARCHAR},
      </if>
      <if test="ip != null" >
        #{ip,jdbcType=VARCHAR},
      </if>
    </trim>
  </insert>
  <update id="updateByPrimaryKeySelective" parameterType="com.shopsthai.david.model.Userinfo" >
    update userinfo
    <set >
      <if test="name != null" >
        name = #{name,jdbcType=VARCHAR},
      </if>
      <if test="subject != null" >
        subject = #{subject,jdbcType=VARCHAR},
      </if>
      <if test="content != null" >
        content = #{content,jdbcType=VARCHAR},
      </if>
      <if test="ip != null" >
        ip = #{ip,jdbcType=VARCHAR},
      </if>
    </set>
    where no = #{no,jdbcType=INTEGER}
  </update>
  <update id="updateByPrimaryKey" parameterType="com.shopsthai.david.model.Userinfo" >
    update userinfo
    set name = #{name,jdbcType=VARCHAR},
      subject = #{subject,jdbcType=VARCHAR},
      content = #{content,jdbcType=VARCHAR},
      ip = #{ip,jdbcType=VARCHAR}
    where no = #{no,jdbcType=INTEGER}
  </update>
</mapper>