<?xml version="1.0" encoding="UTF-8"?>
<!DOCTYPE configuration
  PUBLIC "-//mybatis.org//DTD Config 3.0//EN"
  "http://mybatis.org/dtd/mybatis-3-config.dtd">
<configuration>
	<typeAliases>
		<typeAlias type="ldg.mybatis.model.Comment" alias="Comment" />
	</typeAliases>
	<environments default="development">
		<environment id="development">
			<transactionManager type="JDBC" />
			<dataSource type="POOLED">
				<property name="driver" value="com.mysql.jdbc.Driver" />
				<property name="url" value="jdbc:mysql://localhost:3306/mybatis_example" />
				<property name="username" value="mybatis" />
				<property name="password" value="mybatis" />
			</dataSource>
		</environment>
	</environments>
	<mappers>
		<mapper resource="ldg/mybatis/repository/mapper/CommentMapper.xml" />
	</mappers>
</configuration>